,explained_variance_score,max_error,mean_absolute_error,mean_squared_error,root_mean_squared_error,median_absolute_error,mean_absolute_percentage_error,r2_score
0,0.41560813269297936,5.260040905846914,0.4856703333769626,0.4306644380488297,0.6562502861323793,0.37995338240610854,2.1477117639895735,0.4155434589825582
1,0.34257695769120566,8.829350809420855,0.4761882049498057,0.4514442576696069,0.6718960170068036,0.3773319511780222,0.6579153880206394,0.34218273493548323
