,explained_variance_score,max_error,mean_absolute_error,mean_squared_error,root_mean_squared_error,median_absolute_error,mean_absolute_percentage_error,r2_score
0,0.5122900986480317,4.943018768519218,0.4327790901478352,0.3593792697865514,0.5994825016516757,0.33166290069554494,1.8480462574567535,0.5122848640941027
1,0.45652749338143606,8.386258865014343,0.4168585133395797,0.37320995015811737,0.6109091177565754,0.30365217674193157,0.5725329145280073,0.4561810355608701
