,explained_variance_score,max_error,mean_absolute_error,mean_squared_error,root_mean_squared_error,median_absolute_error,mean_absolute_percentage_error,r2_score
0,0.4693047240337549,4.9234577819941245,0.522922051185666,0.5064488901347302,0.711652225553135,0.3967640219208384,1.810175431583887,0.46919478961999617
1,0.45364007292996156,3.3794129875422345,0.525599412141637,0.4890388776889073,0.699313147087131,0.4019929540462921,4.042082331419004,0.4528308947137436
