,explained_variance_score,max_error,mean_absolute_error,mean_squared_error,root_mean_squared_error,median_absolute_error,mean_absolute_percentage_error,r2_score
0,0.45903526396855965,4.355077860091674,0.5303278739937882,0.5168727269944984,0.7189386114227684,0.409186254629917,1.7308303623631325,0.4582696458886235
1,0.4643551124391996,3.3134663126605126,0.5200726905328038,0.4798109374186841,0.6926838654239639,0.396375171599614,4.319908659228738,0.4631557258297373
