,explained_variance_score,max_error,mean_absolute_error,mean_squared_error,root_mean_squared_error,median_absolute_error,mean_absolute_percentage_error,r2_score
0,0.439007532235018,4.7270944259285175,0.4808113668680111,0.41373395173479205,0.6432215417216622,0.37631618543211887,2.040538214191097,0.4385198939853565
1,0.3682658927079018,8.600221489353254,0.46492706772983755,0.4340220945469666,0.6588035325853729,0.3611575840400111,0.6312148542649887,0.3675692571962905
