,explained_variance_score,max_error,mean_absolute_error,mean_squared_error,root_mean_squared_error,median_absolute_error,mean_absolute_percentage_error,r2_score
0,0.46101218761614515,5.307644687670178,0.45234962318538513,0.3971663274099328,0.6302113355136774,0.33759998133719826,2.3372736463585833,0.46100388743894594
1,0.4379014683507142,8.592801078005564,0.4263910197725495,0.38589467990506615,0.6212042175525422,0.31658922747476614,0.5822991259760768,0.43769761465461243
