,explained_variance_score,max_error,mean_absolute_error,mean_squared_error,root_mean_squared_error,median_absolute_error,mean_absolute_percentage_error,r2_score
0,0.4718895816483425,5.06373905308289,0.446450133356933,0.38921146558758707,0.6238681475981821,0.32191629605570937,2.131110135405743,0.4717994642597856
1,0.4505321042165845,8.352211414644312,0.4211321472352741,0.37716452366096376,0.6141372189185116,0.3165275655013695,0.5846210842796418,0.4504186702589663
